version,mode,bytes,MiB,saved_MiB,margin_MiB,under_2GiB,smoke_rc,seconds
8,baseline,2247749215,2143.621,0.0,-95.621,False,0,877.6
8,combined-conservative,2111238505,2013.434,130.187,34.566,True,0,821.4
8,combined-extended,2004360512,1911.507,232.114,136.493,True,0,798.2
8,combined-final,2071938382,1975.954,167.666,72.046,True,0,734.0
8,combined-recommended,2072389265,1976.384,167.236,71.616,True,0,803.3
9,baseline,2294776255,2188.469,0.0,-140.469,False,0,832.5
9,combined-conservative,2152301569,2052.595,135.874,-4.595,False,0,786.7
9,combined-extended,2048046652,1953.169,235.3,94.831,True,0,753.3
9,combined-final,2112952679,2015.069,173.4,32.931,True,0,705.1
9,combined-recommended,2113446421,2015.54,172.93,32.46,True,0,764.0
10,baseline,2197114546,2095.332,0.0,-47.332,False,0,660.3
10,bytecode,2157256027,2057.32,38.012,-9.32,False,0,644.8
10,combined-conservative,2063289831,1967.707,127.625,80.293,True,0,745.0
10,combined-extended,1968946694,1877.734,217.598,170.266,True,0,712.7
10,combined-final,2024020768,1930.257,165.075,117.743,True,0,680.3
10,combined-recommended,2024438319,1930.655,164.677,117.345,True,0,720.4
10,docs,2159081554,2059.061,36.271,-11.061,False,0,655.7
10,git-debug,2175480517,2074.7,20.632,-26.7,False,0,655.4
10,inkscape-tutorials,2179684586,2078.709,16.623,-30.709,False,0,659.5
10,man-gzip,2197528318,2095.726,-0.395,-47.726,False,0,658.9
10,source-maps,2158242979,2058.261,37.071,-10.261,False,0,639.1
10,translations,2124247297,2025.84,69.492,22.16,True,0,636.8
9,implementation-verified,2041177515,1946.619,241.851,101.381,True,0,666.5
